Page,Pageviews,Unique Pageviews,Avg. Time on Page,Entrances,Bounce Rate,% Exit,Page Value
/,11855,10117,00:00:53,9925,88.30%,83.22%,$0.00
/?fbclid=IwAR2yVQQxIeg40MZ1baUA5f3-kxbgtwGtIZw09qeCg1jciY0X2pGg8M5z3WU,50,45,00:00:04,1,0.00%,2.00%,$0.00
/bandeannonce,36,8,00:02:14,5,100.00%,19.44%,$0.00
/https://chambre212-lefilm.fr/,28,18,00:00:12,0,0.00%,32.14%,$0.00
/?fbclid=IwAR0k8s43CxQnZetcseouuZC9pJRQKWaXm_KbrfMlFoReWAz1IWBKdUwc7mk,13,8,00:00:06,1,0.00%,7.69%,$0.00
/https://www.mk2.com/reservation-directe?seance_sku=8357_1_08-10-191568734262_83571569242162498_E,6,4,00:01:31,0,0.00%,50.00%,$0.00
/https://www.mk2.com/reservation-directe?seance_sku=8355_1_08-10-191568821742_83551569257402450_E,5,4,00:01:51,0,0.00%,80.00%,$0.00
/http://chambre212-lefilm.fr/,3,1,00:00:24,0,0.00%,0.00%,$0.00
/?fbclid=IwAR2ChfHhu33_KHLu2QYBenW3jpMbFgWlC9Ki_kbEnDnLdpavgk6Vm_4NwKY,2,2,00:00:00,2,100.00%,100.00%,$0.00
/?fbclid=IwAR3ez4auXInJjq_iRrXGaDppqsqFWKtZqlT2lAGuV42qxTPZPOEq5mnw9A8,2,2,00:01:07,1,0.00%,0.00%,$0.00
/?fbclid=IwAR3qjmz_NhopKSbdpj7ktRsRJ-lLapBNNHayz5s1uGHBouVz3-ObOK7QhNY,2,2,00:00:09,1,0.00%,50.00%,$0.00
/http://luxy.ivry94.fr/,2,1,00:00:04,0,0.00%,50.00%,$0.00
/http://www.theatreachatillon.com/films.php,2,1,00:00:39,0,0.00%,0.00%,$0.00
/https://s.cinemaspathegaumont.com/#/V3116S175/booking,2,1,00:00:01,0,0.00%,50.00%,$0.00
/https://s.cinemaspathegaumont.com/#/V3116S236/booking,2,1,00:00:00,0,0.00%,50.00%,$0.00
/https://tickets.allocine.fr/paris-cinq-caumartin/reserver/F261785/D1570909500/VF/270369,2,1,00:00:05,0,0.00%,0.00%,$0.00
/https://www.facebook.com/mementofilms.distrib/,2,2,00:03:06,0,0.00%,50.00%,$0.00
/https://www.ugc.fr/reservationSeances.html?id=330171428594,2,2,00:00:00,0,0.00%,100.00%,$0.00
/synopsis,2,2,00:01:01,1,100.00%,50.00%,$0.00
"/translate_c?depth=1&ie=UTF8&rurl=translate.google.com&sl=auto&sp=nmt4&tl=en&u=https://chambre212-lefilm.fr/?fbclid=IwAR22dZukqi31Q5Qg0PQQVBfyup3k4qf6FfE4lnU_9o_iXS-vseorddIumkQ&xid=17259,1500008,15700022,15700186,15700191,15700256,15700259,15700262,15700265,15700271&usg=ALkJrhh7SrRsf7LX-q6CXiyen2XYg3lDew",2,1,00:00:38,1,0.00%,50.00%,$0.00
"/translate_c?depth=1&ie=UTF8&rurl=translate.google.com&sl=auto&sp=nmt4&tl=en&u=https://chambre212-lefilm.fr/?fbclid=IwAR3xFTC-EMbIaiT16ZnSjyGhrW3PgLnkdEcEaeQNej-ajUo-FzUW-ta1ZaE&xid=17259,15700023,15700186,15700191,15700256,15700259,15700262,15700265,15700271&usg=ALkJrhjy9OKgkyLrLXaYJpvzXK7dKS3XAQ",2,1,00:00:39,1,0.00%,50.00%,$0.00
/?fbclid=IwAR05cTNUb1oN7TTNyh5uCxgbIeT8_znvTACAWdYQd_-4Iia5nuiT8RCDYd8,1,1,00:00:00,1,100.00%,100.00%,$0.00
/?fbclid=IwAR05Swd9fqyuoLxIo-aoeyrqJXZ1cra8BXPBNE_RPl4N5W0sgs84P_AMoIY,1,1,00:00:00,1,100.00%,100.00%,$0.00
/?fbclid=IwAR09Awfsp1KxDKje_sd-ioStUPJ-2kSVcmEKdkCAq20PLg6KMe0tOYONMPU,1,1,00:00:00,1,100.00%,100.00%,$0.00
/?fbclid=IwAR09FcV9enq9IXDcnOPXeOJPG48osUc13345JHXFYiQLhaJkL22Tj1ewaes,1,1,00:00:00,1,100.00%,100.00%,$0.00
/?fbclid=IwAR0bdOgZbXdBGgJaIKAc3Qw1hBMsnYswhWCsPJhCl2sn1ULXRrF0PUj2jjQ,1,1,00:00:00,1,100.00%,100.00%,$0.00
/?fbclid=IwAR0Bn5QzBLJoO8Vq8lMcxieBDPc-tOYxufh0lZOeL0r5U9C2nShv62L9ULo,1,1,00:00:00,1,100.00%,100.00%,$0.00
/?fbclid=IwAR0DaFq1_mGnCkhGJIXk6YZeg5qoI8b90J_7_JUfL7OOmEOE-PBkzoWoa9g,1,1,00:00:00,1,100.00%,100.00%,$0.00
/?fbclid=IwAR0dgN80enIQTSlcj9EjlYmwuFHK2uv6WkTcT55vFS5--PtqGW10h6c2EbE,1,1,00:00:00,1,100.00%,100.00%,$0.00
/?fbclid=IwAR0Dj8QP2jfJBql61YjZuvGG5YqWNrA8uWeLHwMveusI-F0dx42uhijxu_8,1,1,00:00:00,1,100.00%,100.00%,$0.00
/?fbclid=IwAR0fHHsPWEeX91hzCOpGoM9Mdqp5YBpcQuqkZfe1wCeOsWdDNnPLTJoiz4o,1,1,00:00:00,1,100.00%,100.00%,$0.00
/?fbclid=IwAR0fIUoR8iQTwOjmBa62-cFzgp-0jjbGOgFIJLgxqRze1SU4h6e_IY_mXx0,1,1,00:00:00,1,100.00%,100.00%,$0.00
/?fbclid=IwAR0FW4EMw9jIN35ZT12FyD3gaaV3HsFi13mgm_gU9tUOeNKyII7tSrc9kqA,1,1,00:03:26,1,0.00%,0.00%,$0.00
/?fbclid=IwAR0giVtLInvrLxVuY4YL97z2MS6mKc7SFOT1BGPp0APm-dTpQKhbNZjlP1k,1,1,00:00:00,1,100.00%,100.00%,$0.00
/?fbclid=IwAR0guKshE6V_nbbU8itNz5ADDkliVdGaqGAnRK3b8pfKTAg7TBRdPOzflsE,1,1,00:00:00,1,100.00%,100.00%,$0.00
/?fbclid=IwAR0HEOANY0IYjariPtmvBkNLwfv5PgpvwHtC4tXpTQWXq1A6Sas0PyPHMkY,1,1,00:00:00,1,100.00%,100.00%,$0.00
/?fbclid=IwAR0I_3RraGW7LZKvGYl7aPcHDhN6DJ1W9Se8XOMXlay0SKLbcHuOVHr0klg,1,1,00:00:00,1,100.00%,100.00%,$0.00
/?fbclid=IwAR0JfzxPL8ND62nEqQ_um6KRJceNecPBFSWqIW2WBFq4rM42z3tCw76hrqw,1,1,00:00:00,1,100.00%,100.00%,$0.00
/?fbclid=IwAR0JvkPYL-Cfod5TifKE8kzj4vQ3gmoKPaEoHFwrlim17vKeG1AZqzxdUK8,1,1,00:00:00,1,100.00%,100.00%,$0.00
/?fbclid=IwAR0Jw7aafUQlyNzjBZHky-VTlJWI-KAy9735dRjq8__mDPHyyR_q9VcACX0,1,1,00:00:00,1,100.00%,100.00%,$0.00
/?fbclid=IwAR0K3Ggnge6AGwnxY034nLOdzpJ59Uqr8Z6Q2-WX94FiN2dbieMqQLyfXVM,1,1,00:00:00,1,100.00%,100.00%,$0.00
/?fbclid=IwAR0kJtlB05h2AFpIW0BKOCseidrXdezxUMOwiU1KwLlx7BSejJ5-mc-OGR0,1,1,00:00:00,1,100.00%,100.00%,$0.00
/?fbclid=IwAR0kzainlq5umgAXVEK0EBlDSREoml27JUz2vosUKZWh5REr_y-4yiQuRBY,1,1,00:00:00,1,100.00%,100.00%,$0.00
/?fbclid=IwAR0MPkrkAhs0eRKQlNngSs6uyXdc3scpjB4hIjYeYusuqDjCUNTSaQ5UwIs,1,1,00:00:00,1,100.00%,100.00%,$0.00
/?fbclid=IwAR0MUiAw2bQyfmC7GzPk3_HRlvakLLzWAQd-KOqMZ30vHNtk6KnXitnmH_0,1,1,00:00:00,1,100.00%,100.00%,$0.00
/?fbclid=IwAR0N-mhB5x2mZ2XaKTfXL_YFD9cNcG9a_pzuxFjnes1HYXt5Unf0M0peOsM,1,1,00:00:00,1,100.00%,100.00%,$0.00
/?fbclid=IwAR0nifOtdqqNb8cCHLphOS5xi4vd4MXl7PIN_4es0XwviWI6Rh063Ig5QfU,1,1,00:00:00,1,100.00%,100.00%,$0.00
/?fbclid=IwAR0qToAZ4TVdg0WALZhiJbWhudE4dLOphwNTPmZRkq3sIAHB9iH02T7TjMA,1,1,00:00:00,1,100.00%,100.00%,$0.00
/?fbclid=IwAR0rpAsFT1xIgqt7fuyMOGv_xXHHe5dynCo4e0o-ia51ACddv6tlSdlC8LI,1,1,00:00:00,1,100.00%,100.00%,$0.00
/?fbclid=IwAR0teNeqoCupli3dm_l0iQSCdOnGVzX3-OlO7csRkX6DOB_krnf8c_Reuig,1,1,00:00:00,1,100.00%,100.00%,$0.00
/?fbclid=IwAR0U1ylo5pSA4suk8KvWr_R7didFmXs9RKUUqjCmgO3k5a80GEfiZJM5kLM,1,1,00:00:00,1,100.00%,100.00%,$0.00
/?fbclid=IwAR0uu-RLJggaPNrJ_aXVH0VH8rTBwAzNxinc-7dPsIkb_fzj9RJdyEu67CE,1,1,00:00:00,1,100.00%,100.00%,$0.00
/?fbclid=IwAR0WEJjAUa2dPTyw7v36qCzWw74U0n3CPX13boXqCh0zkrJaE3vMBkvxV2U,1,1,00:00:00,1,100.00%,100.00%,$0.00
/?fbclid=IwAR0yThkNk-106fw35AZmiSlk_qz-aq5rvNznnvVzxTZETtmPl_otTs86nkw,1,1,00:00:00,1,100.00%,100.00%,$0.00
/?fbclid=IwAR0Zz7qB-Zmqi-7fmHRvPQl-YLQj43uspxlQ_hqg84Y_szZVta-v1H3AnD4,1,1,00:00:00,1,100.00%,100.00%,$0.00
/?fbclid=IwAR13oYBwZmvAaFnLMpZ5QB1oXJjTT5Tb675vXYGsXCPpCc7zIB5Qi5PveiI,1,1,00:00:00,1,100.00%,100.00%,$0.00
/?fbclid=IwAR149rbLdMaOWaqlniKOxOjpmQtLbCVmWCElLqHYnEPQqn0KSZdhYvoZ2n8,1,1,00:00:00,1,100.00%,100.00%,$0.00
/?fbclid=IwAR15Xu6tuGhB_fTE-H2FI1f8jApzlaOKOxmY1h1L9iXXSHNOBAVkDxbUdFk,1,1,00:00:00,1,100.00%,100.00%,$0.00
/?fbclid=IwAR16ZENRbYD08Fqbb3pq8ibYIKpJUfkZ4djJ9r9EmLZyGaFPclSh4jrwdT0,1,1,00:00:00,1,100.00%,100.00%,$0.00
/?fbclid=IwAR1aYbUlgT-Y5GBISEB-AORc94BfHmv5vIIzApeewNQTpqmDogGAlIZVHK4,1,1,00:00:00,1,100.00%,100.00%,$0.00
/?fbclid=IwAR1b6_sQzCJz-GEZtAhm01xlwatBIdPS0-355aURuyRNBnWNv6rNQ4srgig,1,1,00:00:00,1,100.00%,100.00%,$0.00
/?fbclid=IwAR1bG6ySg-PDrOd3D706MVkCjnAav0Ce3HtOzeIXD_qpVx9ly-3m-KbDtNY,1,1,00:00:00,1,100.00%,100.00%,$0.00
/?fbclid=IwAR1BYQIO1f4a8raLgl-geaS7LivywzIMIpnNiuswxSd3kWYtim-Haz7Espo,1,1,00:00:00,1,100.00%,100.00%,$0.00
/?fbclid=IwAR1c3uEfAUPm8ASU9Vts2RyxiWey0NUXmrX5Wpeue_gLk22pDjsOeCtnEyE,1,1,00:00:00,1,100.00%,100.00%,$0.00
/?fbclid=IwAR1cJrz1XOc2zjT74OPNuJiVXpmK_jMcwudiuLSmaJSD9o0y3FoOY6ND7w0,1,1,00:00:00,1,100.00%,100.00%,$0.00
/?fbclid=IwAR1CSKrVcO-pe4gSBH5vyvmSb_xwzyX8gDBGA41Qw7mt3FsnvoNI4Iu4JwM,1,1,00:00:00,1,100.00%,100.00%,$0.00
/?fbclid=IwAR1cteM6QNFRv2vxM7-2slMES-wmKndT6Y2En1p9laYu0YGS3ut8X0G1H-c,1,1,00:00:00,1,100.00%,100.00%,$0.00
/?fbclid=IwAR1D3le2j_7Q1RLApOGM_VQnSRiXLOX81m9qKimS9PFmnzO44VKsDfx6R2k,1,1,00:00:00,1,100.00%,100.00%,$0.00
/?fbclid=IwAR1do8XDgQPM3vjTxsh39fNFRbVZyx0PjdmSHAGw2LjGFo02QBFThyQHqQQ,1,1,00:00:00,1,100.00%,100.00%,$0.00
/?fbclid=IwAR1e3TZTZJvmK5miWZF1pzoLmi5piEwxPNojrjsqE_SxsWRsZWecCaV9QDI,1,1,00:00:00,1,100.00%,100.00%,$0.00
/?fbclid=IwAR1EcUcairsJPpl9MlOb_uAnymgKZzj4M4209EIJ6YKNzfPOByqlE9Psbmk,1,1,00:00:00,1,100.00%,100.00%,$0.00
/?fbclid=IwAR1EuyaE9Sq_EUWjX8ktmfP-CRR7VpgXZ_689z7O3sjXWILdo1sP3o3jiuY,1,1,00:00:00,1,100.00%,100.00%,$0.00
/?fbclid=IwAR1GyaJQXPok8P0NQr1OTXdpatjca_5sQeaMmqQZcLeo_ZP3EIFxIcOe1PI,1,1,00:00:00,1,100.00%,100.00%,$0.00
/?fbclid=IwAR1Ha6Sqml2LNcaV8jXL1YBQ9ygF6BOQjpZZWXXP28ypVSiDhSgGN6WMomE,1,1,00:00:00,1,100.00%,100.00%,$0.00
/?fbclid=IwAR1i0UWaEkrhbw5nGst6NnLdy012DhGO4089c4KRdGP4KLSREXHEL3mw-1o,1,1,00:00:00,1,100.00%,100.00%,$0.00
/?fbclid=IwAR1i6cAl1L6JJ1VWY642zQEsnMuk98ssCi1Z_efCxwQ3u2NcQAQ8WdAU-hE,1,1,00:00:00,1,100.00%,100.00%,$0.00
/?fbclid=IwAR1IWnnALWvDnudIdNsQMRq2wA1lH_m0VqcYcLsF7RBZQC7k-_iCW-TV_8o,1,1,00:00:00,1,100.00%,100.00%,$0.00
/?fbclid=IwAR1L5ycGGvkfAspsdfoj-9CGKp-9HDuYsWt71lFjIGE-kVIL31QtVUHdywQ,1,1,00:00:00,1,100.00%,100.00%,$0.00
/?fbclid=IwAR1L84t4zU0wfCVazJBopaCPwA1pqcsRM6LU6LWiMpFzbcgylLel1OSbHh4,1,1,00:00:00,1,100.00%,100.00%,$0.00
/?fbclid=IwAR1lcjNpXBIXXKWhOteRvsXNjj-qvKTIvgNx8-qodUQZRZX2TpX9WS5dpBs,1,1,00:00:00,1,100.00%,100.00%,$0.00
/?fbclid=IwAR1LO0tbBwaWRn-2-nLkZgVu7eJ3fgzzl02cEpwHyQ28jcdwwuKdB6pu87o,1,1,00:02:12,1,0.00%,0.00%,$0.00
/?fbclid=IwAR1n2JwTqCFFxIWYGegT7t6GABTqALTupxg_C0PRt7DhN2t_QP68EYKVShY,1,1,00:00:00,1,100.00%,100.00%,$0.00
/?fbclid=IwAR1nNskzmHOt_57g4pHmqm2iitrFLwtco4az38BTXt0W6RlH5X3FJmqmEUg,1,1,00:00:00,1,100.00%,100.00%,$0.00
/?fbclid=IwAR1nPHjByxwfaboeBjn-pmUr-b-Jk4nxks0F_4bMYClJv45xheJtgfs0zzg,1,1,00:00:00,1,100.00%,100.00%,$0.00
/?fbclid=IwAR1o04F6NM6lDXJXQtPv_seWQ3h47ZgrSWgLjcVzgZifGSi7vvIbS6KZrXU,1,1,00:00:00,1,100.00%,100.00%,$0.00
/?fbclid=IwAR1OXuAOmPn9HWMRdTFgsonKAJLm5ehQpTiTFM0Xk1BDKIOnTRWcaUquNpU,1,1,00:00:00,1,100.00%,100.00%,$0.00
/?fbclid=IwAR1p3H5fYQ-Z69GOO7uhFiSJqAac0ALgUbfRyR7q-VWhR25Ytc_Yq2TxSAU,1,1,00:00:00,1,100.00%,100.00%,$0.00
/?fbclid=IwAR1R8rWr42pLO6FPoUjqUX6ltYIGog_WFb0KCrJscpwLxcX-p6KuuxPe6NM,1,1,00:00:00,1,100.00%,100.00%,$0.00
/?fbclid=IwAR1RY4SNFv5iCYgxYYW_tI8IM3fIAge4oBYVPxakIrkzmJ4WLROQeMZ-upw,1,1,00:00:00,1,100.00%,100.00%,$0.00
/?fbclid=IwAR1SKOjnxPivp3yyBX3f1jYLH3xxb322AGgcsDyWnLkZrZqxcEaG7-xFUlM,1,1,00:00:00,1,100.00%,100.00%,$0.00
/?fbclid=IwAR1vLNt5t7DzMdRacmohVYVqWk9Z3XvJRG-NiGSuGuvPpVp3CK6xRMW8yx8,1,1,00:00:00,1,100.00%,100.00%,$0.00
/?fbclid=IwAR1Ww2dJZDg2bBPLqe2yV4RxChMbs6IGOHQnplrzEAqBGegDaAbRqDz1FlE,1,1,00:00:00,1,100.00%,100.00%,$0.00
/?fbclid=IwAR1Z_2I1LKPxY41cZH04SsFQ7oiSZUKIATtT2__z6UHuLfKSJqiA-HrDx1w,1,1,00:00:00,1,100.00%,100.00%,$0.00
/?fbclid=IwAR1ZClFeZtSNHFwZIvd2AnSw2QNRMnJ1eVVqvO9Pv9e_BElV7_c3bC4cvC0,1,1,00:00:00,1,100.00%,100.00%,$0.00
/?fbclid=IwAR1ZPlzKQeo6AX-OyM5NYfviNVIqDOrFXy3Xn4vORvtp_6z4VJR4ToS7430,1,1,00:00:00,1,100.00%,100.00%,$0.00
/?fbclid=IwAR252jq8IRLyXpKjVNt45Gkg7asoLf_bBfRnLI-k_fGnGtkqruGq3g8IfEE,1,1,00:00:00,1,100.00%,100.00%,$0.00
/?fbclid=IwAR26HDqvVsyhPPSdcl51Fvf5iY1p7uNITPLB__TiBOKqroEWqpH0UQObnLU,1,1,00:00:00,1,100.00%,100.00%,$0.00
/?fbclid=IwAR274sAUq6ZTBcQoZNPijY4jD3V7xFJCU-Cy9IuwIHCSBhK9C7239a7NQYI,1,1,00:00:00,1,100.00%,100.00%,$0.00
/?fbclid=IwAR28ciliEBCyJnm0ztUoO8XKCPV5F3gY_0kCs_S45981PXVpyRi13OUSg_M,1,1,00:00:00,1,100.00%,100.00%,$0.00
/?fbclid=IwAR2AUGWo6r9p-Mcd-GbKmOVcNvDxiJ7cymgc52kcAcT9rOZZyUt72mNpZgA,1,1,00:00:00,1,100.00%,100.00%,$0.00
/?fbclid=IwAR2aXWh285xL3wwfXoUPYVNHwQ1pTfWU6yYCv-_UvhypGLfmWmVDFFiRzwM,1,1,00:00:00,1,100.00%,100.00%,$0.00
/?fbclid=IwAR2aY0e0JTGkcIMY7W673-KdoLRYxF84YdbABKs9qyxhlx7PY3XL16E6iIk,1,1,00:00:00,1,100.00%,100.00%,$0.00
/?fbclid=IwAR2B3bIVFLUMVFObL5pFkKwGzfkiBic_MrpO4invEsrkN91D9R6b4REKdW0,1,1,00:00:00,1,100.00%,100.00%,$0.00
/?fbclid=IwAR2bQZ3g0LbfcaWVlDjctAnwfJfcW7keprJcRmXyZm3sIQ8rZhR-7feo8Ik,1,1,00:00:00,1,100.00%,100.00%,$0.00
/?fbclid=IwAR2CHgkCjXijlA7d1FBDAG8BEQ_nZA2_V3eF-LqxaY6Wf62thMkvr62v8fE,1,1,00:00:00,1,100.00%,100.00%,$0.00
/?fbclid=IwAR2dkATM-vsE_0Jn8G9xETWZw8L0UO_FKgTNo-IH7I7n2G21B9aFwUj8YRU,1,1,00:00:00,1,100.00%,100.00%,$0.00
/?fbclid=IwAR2dy53EXeAa2WolYiYV4hBJw85KdJIw4IVrdehcOS4x_VdqHa5xPfwOxdc,1,1,00:00:00,1,100.00%,100.00%,$0.00
/?fbclid=IwAR2EiF6c37Fm8FITJD0r_vhPYz_AGfkK7DxQxHsip-7GuFlZLD9xI_XZ0no,1,1,00:00:00,1,100.00%,100.00%,$0.00
/?fbclid=IwAR2FEtiMXuPIEwdVZ_Y2A8Aq3jZyF7Uxjvz5wzAlxBsUwjUpRzjlWZbWdoo,1,1,00:00:00,1,100.00%,100.00%,$0.00
/?fbclid=IwAR2gkNc79BxZMverMNDlE6goUD0ch5Oc6R3fNGtstJoAg-6HA5jiVHvR2fc,1,1,00:00:00,1,100.00%,100.00%,$0.00
/?fbclid=IwAR2heX9XiEr6uXwpJIQE0ZWy3SIAO06Yl41Ck0v8Zk6anRHjtSUTwAwJr3A,1,1,00:00:00,1,100.00%,100.00%,$0.00
/?fbclid=IwAR2iGPhdYfMuPhqC-P54VyohSmXM6LEBtwggWf-7UOkqTdzfA0zWB4BzG2w,1,1,00:00:00,1,100.00%,100.00%,$0.00
/?fbclid=IwAR2JuZjulA-uE4daK9KMFy590E79MrW14bCZqFQaOP9Y1Zm34Aaqoo2m7T0,1,1,00:00:00,1,100.00%,100.00%,$0.00
/?fbclid=IwAR2JyRGaIcfsknIpdclbpm_BDQiCz1sQVoMs1LAGHXdd0XkDetXN1Xo5_Uw,1,1,00:00:00,1,100.00%,100.00%,$0.00
/?fbclid=IwAR2KK2mVTH9w53N_2CC8HwYWnJLab-_HKWGbhZr6mWtbtlz16XQewq_k_1s,1,1,00:00:00,1,100.00%,100.00%,$0.00
/?fbclid=IwAR2nLJ9I7nY5CnESKC5q_Qh6UcOM6ddq5YWhuHoEN3QNmGRQNbOENeXvqio,1,1,00:00:00,1,100.00%,100.00%,$0.00
/?fbclid=IwAR2qIgYItfQg7OKzSuryHVuicdO2tE1HxobHeggAgQw6dK_Wzs6XICjL3Y4,1,1,00:00:00,1,100.00%,100.00%,$0.00
/?fbclid=IwAR2Rfcj22K5jxVHoX6t2kPGSyEbUqM2JECrSMHxwrYRxow3_b7OozRzf8I4,1,1,00:00:00,1,100.00%,100.00%,$0.00
/?fbclid=IwAR2sAnGFAmsAcIA23UY2nPgqL0krwdPtJzTA8zj8_u4YFAijCENz4cenuao,1,1,00:00:00,1,100.00%,100.00%,$0.00
/?fbclid=IwAR2uVN0J3TMgxccGJbl8kCXU2g8HqOqTJtJXPZfxuV8J9x6ccJwE1pFNbnc,1,1,00:00:00,1,100.00%,100.00%,$0.00
/?fbclid=IwAR2uYGWrCnf4jOxx-6NyBKkOI1g1-HX1i4_CPameE3ebXOzs_5PihYAyBdg,1,1,00:00:00,1,100.00%,100.00%,$0.00
/?fbclid=IwAR2vQKFYtpik2ZbOhUzAmBocujKVhGy-5qqKTQemnvJKySwcj1SxGosHzoo,1,1,00:00:00,1,100.00%,100.00%,$0.00
/?fbclid=IwAR2yQ5zE4rVUC2xF3sOkUyafQE5wBlH_8B2ddf8NuzP0KObzIc54n_mHblI,1,1,00:00:00,1,100.00%,100.00%,$0.00
/?fbclid=IwAR2ysJbi1N05vd3t626h7-3B8qCaBTf8hYOSZupyw0txRLehPn7708sBLoo,1,1,00:00:00,1,100.00%,100.00%,$0.00
/?fbclid=IwAR2YU1yIlGPT940vHPWBZIqGUoBYF8ljgOmbcRPMHTbmZrBdUwizlOqqImI,1,1,00:00:00,1,100.00%,100.00%,$0.00
/?fbclid=IwAR2ZB4e5gTnR7w_qkzLTW9pFOb2n5CdazkAMmBfTc-e_XBAz3b0pr65Nz7g,1,1,00:00:00,1,100.00%,100.00%,$0.00
/?fbclid=IwAR2zV6jfBokX6dsRYRVU8ptK48duyiLi7tW1AhGKSQ-KZY5Ddn7xueIihdg,1,1,00:00:00,1,100.00%,100.00%,$0.00
/?fbclid=IwAR32PzE5xsSgH86jD2VtdKtney184y31x99Ktsio7m6pfV4sloQVEifspKM,1,1,00:00:00,0,0.00%,100.00%,$0.00
/?fbclid=IwAR32wlKVpclBUP8oMoy20f_cGpUOOV9BM3OTp0CXfBaJOrIaqKwGdUUfXwY,1,1,00:00:00,1,100.00%,100.00%,$0.00
/?fbclid=IwAR33A2dJHut7ugyckdm4uDUoBswee_8fhhTB6gkIYqKJCw80WJMcLmrXNoo,1,1,00:00:00,1,100.00%,100.00%,$0.00
/?fbclid=IwAR37a0Djog--fGvAXko8zQDCioTkgCvnLXujZ643hxCwxtxyk8j46Uh3T3A,1,1,00:00:00,1,100.00%,100.00%,$0.00
/?fbclid=IwAR37aHwBoC90fnnGe0ad0eTl31q9ERx2Y9WxBw6tSKtJBdVbsyPBwd_9GwE,1,1,00:00:00,1,100.00%,100.00%,$0.00
/?fbclid=IwAR37YhkjeFa7CryKLOEjLZc1ueyR3NmFk8jItFl0tqhUx8EJvHFzsPpcgc4,1,1,00:00:00,1,100.00%,100.00%,$0.00
/?fbclid=IwAR3aQl9joie72Wyf_ZezZS9DkVv7sCcGKIQNUTNKhUUimm6JRtE_XnNXILM,1,1,00:00:00,1,100.00%,100.00%,$0.00
/?fbclid=IwAR3bmIDD_750WsMftEX6TqmGXkRdzjxCgZMvwPM3wEsV2iGkBtYyhBWEQOQ,1,1,00:00:00,1,100.00%,100.00%,$0.00
/?fbclid=IwAR3DoBhf-_G7tDFXcFk9NM9L3xEFKic-hSd8gnhmGOqQVBswf-xCrC2ElJ8,1,1,00:00:00,1,100.00%,100.00%,$0.00
/?fbclid=IwAR3Dp7H5OWfbIceB4KukvR44RHQ3GKQHAgjkU0Vu5Sl-rCMwFD2b4dIl5JM,1,1,00:00:00,1,100.00%,100.00%,$0.00
/?fbclid=IwAR3F536-AoheM3cCR_9VUnLrR6ByYhe3uUgQte7e7RRr_s3hNor-bBwzKG0,1,1,00:00:00,1,100.00%,100.00%,$0.00
/?fbclid=IwAR3GLFUSkZCpVODXArrv8-_5VBHGhSTgXq3Da3is6y9oZS0bN7-D1mWXwPA,1,1,00:00:00,1,100.00%,100.00%,$0.00
/?fbclid=IwAR3hF--ucclT1MaypGI-MW132qRbl_2Dsc4rBh8aXcQo-CVX2dso_7UVBtU,1,1,00:00:00,1,100.00%,100.00%,$0.00
/?fbclid=IwAR3Im-lnh1_OdtB862C2bVjpDLoF-DtVupEXIgJp7tdAP_q2Udrs9jO22N0,1,1,00:00:00,1,100.00%,100.00%,$0.00
/?fbclid=IwAR3J0o41ynhPe-WJpw3f-GfxORFmqT_I38beig9649F_hWwueGQbcEhRu68,1,1,00:00:00,1,100.00%,100.00%,$0.00
/?fbclid=IwAR3jO12vvY0hUnA4RLw4CL7bimW90Mte7EjH9EmkYrWu8F2wnEjU-5KKtlc,1,1,00:00:00,1,100.00%,100.00%,$0.00
/?fbclid=IwAR3KEMvs7YB6MJd-3JdVwxfUtQaO7txcqMXXf9OcTUfDzV8h8rSHkiHZeOo,1,1,00:00:00,1,100.00%,100.00%,$0.00
/?fbclid=IwAR3lF9gxD0-H1lvJc2G2ZC512661Zm5VwjKOFpThgfzs7mPFq2cMV5N1k3o,1,1,00:00:00,1,100.00%,100.00%,$0.00
/?fbclid=IwAR3LhtHRQtaSZpFgdL_ZtkNnpDCP0Zgxgyz4JYGBcZhVmJzI9XVbXGdAATU,1,1,00:00:00,1,100.00%,100.00%,$0.00
/?fbclid=IwAR3MMVSJJn7NBBc9FvkG1puP13MSVbR2Wz1YN2ga214ZZWCgdDvemM3E_90,1,1,00:00:00,1,100.00%,100.00%,$0.00
/?fbclid=IwAR3MsI7zQyW3JAy-HeJmsVrUe3YDAAf7wXhMyIWFc_llP37xS0SeQyYAVb8,1,1,00:00:00,1,100.00%,100.00%,$0.00
/?fbclid=IwAR3N_58I-VgmTTbY-Mw9vaGezaVtWAA6nTgTURixfEjGCsmNJPk6sKvjElo,1,1,00:00:00,1,100.00%,100.00%,$0.00
/?fbclid=IwAR3pe98nLKRC6tRmoup6fsywbPXGZ4unSJhw-WheBDZaszJCLPtRXyFNenU,1,1,00:00:00,1,100.00%,100.00%,$0.00
/?fbclid=IwAR3PfOX76xP7NWan8Dk_IprJ6pL_-HJlWMzCBtnDjemvXF3g-kf4SDdwmb8,1,1,00:00:00,1,100.00%,100.00%,$0.00
/?fbclid=IwAR3rQvehB0q2wXoZ32p0eGbxENz84oNOtQI2uCqPVvyDE0wLcxTmOks0-2E,1,1,00:00:00,1,100.00%,100.00%,$0.00
/?fbclid=IwAR3TSu2_9PN3l6Yd0crN5tVF9iECDHSjhyA2QQfm4falJao7qzJPCRFbyDs,1,1,00:00:00,1,100.00%,100.00%,$0.00
/?fbclid=IwAR3UBrV_Vls7zeJ_N_2jyWN0rF82Frz3HDPThh6Fbx1uFY53KawJ27PiPUY,1,1,00:00:00,1,100.00%,100.00%,$0.00
/?fbclid=IwAR3UMHv7IphuKJp9Z8tHY_g0BnTRVwJz_5TVi9B6dCsPj_QgIsmAuXV0b1Q,1,1,00:00:00,1,100.00%,100.00%,$0.00
/?fbclid=IwAR3vUEPdrXG0qtv20Pkd9niBtVvgGX8yLQ7FjrXerRgdp8O97USB_WfAzIw,1,1,00:00:00,1,100.00%,100.00%,$0.00
/?fbclid=IwAR3WufB-sshD1DmtLNv6lceGDZLqFPnD1qO-cQXljQKueP-4nRRjCIWVBBQ,1,1,00:00:00,1,100.00%,100.00%,$0.00
/?fbclid=IwAR3wug0lt0tyENpeYf2rVTHrfWBm05W8XkKEi6X_F1zLCyHpghKOvUs909o,1,1,00:00:00,1,100.00%,100.00%,$0.00
/?fbclid=IwAR3xH_bqSD0Tw4BYT5kymq8wIcgrpAIFndXm_vJowT1IwyNOGdH0dnso2NQ,1,1,00:00:00,1,100.00%,100.00%,$0.00
/?fbclid=IwAR3xV_nc8efwP7rvmcTZ61zcpzK7v9Ly3O3e6KS8a7hhS_DG6gqUoU2uz-I,1,1,00:00:00,1,100.00%,100.00%,$0.00
/?fbclid=IwAR3yfChy1Eww-oxPxqzx8QpIC_U09WDF4xpSUDVv8cX3sAYXU-ZBnhlmgqg,1,1,00:00:00,1,100.00%,100.00%,$0.00
/?fbclid=IwAR3ZVOtsyExA3a9i0DNCc4KrNZcuQ5WM2bSGtk7_mrtN-QRisNM9pHYsGAU,1,1,00:00:00,1,100.00%,100.00%,$0.00
/http://w2.amiens.com/cinestleu/,1,1,00:00:00,0,0.00%,100.00%,$0.00
/http://www.cine32.com/,1,1,00:00:00,0,0.00%,100.00%,$0.00
/http://www.cinema-adalric.com/,1,1,00:00:00,0,0.00%,100.00%,$0.00
/http://www.lepalais.com/,1,1,00:02:57,0,0.00%,0.00%,$0.00
/http://www.paci.com.fr/,1,1,00:02:42,0,0.00%,0.00%,$0.00
/https://kinepolis.fr/goto-checkout-gate/1567556/KLOM,1,1,00:00:00,0,0.00%,100.00%,$0.00
/https://lestudio-aubervilliers.fr/,1,1,00:01:58,0,0.00%,0.00%,$0.00
/https://s.cinemaspathegaumont.com/#/V3116S117/booking,1,1,00:00:00,0,0.00%,100.00%,$0.00
/https://s.cinemaspathegaumont.com/#/V3116S118/booking,1,1,00:00:00,0,0.00%,100.00%,$0.00
/https://s.cinemaspathegaumont.com/#/V3116S119/booking,1,1,00:00:00,0,0.00%,100.00%,$0.00
/https://s.cinemaspathegaumont.com/#/V3116S144/booking,1,1,00:00:00,0,0.00%,100.00%,$0.00
/https://s.cinemaspathegaumont.com/#/V3116S154/booking,1,1,00:00:00,0,0.00%,100.00%,$0.00
/https://s.cinemaspathegaumont.com/#/V3116S172/booking,1,1,00:00:00,0,0.00%,100.00%,$0.00
/https://s.cinemaspathegaumont.com/#/V3116S176/booking,1,1,00:00:00,0,0.00%,100.00%,$0.00
/https://s.cinemaspathegaumont.com/#/V3116S199/booking,1,1,00:00:00,0,0.00%,100.00%,$0.00
/https://s.cinemaspathegaumont.com/#/V3116S226/booking,1,1,00:00:43,0,0.00%,0.00%,$0.00
/https://s.cinemaspathegaumont.com/#/V3116S65/booking,1,1,00:00:00,0,0.00%,100.00%,$0.00
/https://s.cinemaspathegaumont.com/#/V3116S68/booking,1,1,00:00:00,0,0.00%,100.00%,$0.00
/https://s.cinemaspathegaumont.com/#/V3116S90/booking,1,1,00:00:13,0,0.00%,0.00%,$0.00
/https://s.cinemaspathegaumont.com/#/V3116S91/booking,1,1,00:00:00,0,0.00%,100.00%,$0.00
/https://tickets.allocine.fr/antony-le-select/reserver/F261785/D1570973400/VF/166432,1,1,00:00:00,0,0.00%,100.00%,$0.00
/https://twitter.com/mementofilms,1,1,00:00:00,0,0.00%,100.00%,$0.00
/https://www.facebook.com/cinochebagnolet/,1,1,00:00:00,0,0.00%,100.00%,$0.00
/https://www.mk2.com/reservation-directe?seance_sku=8355_4_10-10-191570463575_83551570474862619_M,1,1,00:00:00,0,0.00%,100.00%,$0.00
/https://www.mk2.com/reservation-directe?seance_sku=8357_2_11-10-191570454658_83571570455182191_M,1,1,00:00:03,0,0.00%,0.00%,$0.00
/https://www.mk2.com/reservation-directe?seance_sku=8357_2_11-10-191570454660_83571570455182191_M,1,1,00:00:16,0,0.00%,0.00%,$0.00
/https://www.mk2.com/reservation-directe?seance_sku=8357_3_14-10-191570454740_83571570455182191_M,1,1,00:01:51,0,0.00%,0.00%,$0.00
/https://www.mk2.com/reservation-directe?seance_sku=8357_3_14-10-191570454742_83571570455182191_M,1,1,00:00:00,0,0.00%,100.00%,$0.00
/https://www.mk2.com/reservation-directe?seance_sku=8620_3_10-10-191570472304_86201570472282794_M,1,1,00:00:00,0,0.00%,100.00%,$0.00
/https://www.ticketingcine.fr/index.php?NC=0828,1,1,00:00:00,0,0.00%,100.00%,$0.00
/https://www.ugc.fr/reservationSeances.html?id=330050973145,1,1,00:00:00,0,0.00%,100.00%,$0.00
/https://www.ugc.fr/reservationSeances.html?id=330050973161,1,1,00:00:00,0,0.00%,100.00%,$0.00
/https://www.ugc.fr/reservationSeances.html?id=330081008806,1,1,00:00:00,0,0.00%,100.00%,$0.00
/https://www.ugc.fr/reservationSeances.html?id=330171428573,1,1,00:00:00,0,0.00%,100.00%,$0.00
/https://www.ugc.fr/reservationSeances.html?id=330171428577,1,1,00:00:00,0,0.00%,100.00%,$0.00
/https://www.ugc.fr/reservationSeances.html?id=330171428584,1,1,00:00:00,0,0.00%,100.00%,$0.00
/https://www.ugc.fr/reservationSeances.html?id=330171428597,1,1,00:00:00,0,0.00%,100.00%,$0.00
/https://www.ugc.fr/reservationSeances.html?id=330171428601,1,1,00:00:00,0,0.00%,100.00%,$0.00
/https://www.ugc.fr/reservationSeances.html?id=330171428608,1,1,00:00:00,0,0.00%,100.00%,$0.00
/https://www.ugc.fr/reservationSeances.html?id=330171428611,1,1,00:00:29,0,0.00%,0.00%,$0.00
/https://www.ugc.fr/reservationSeances.html?id=330171430328,1,1,00:00:00,0,0.00%,100.00%,$0.00
/https://www.ugc.fr/reservationSeances.html?id=330221111727,1,1,00:00:00,0,0.00%,100.00%,$0.00
/https://www.ugc.fr/reservationSeances.html?id=330261190232,1,1,00:00:00,0,0.00%,100.00%,$0.00
/https://www.ugc.fr/reservationSeances.html?id=330521258785,1,1,00:00:00,0,0.00%,100.00%,$0.00
/https://www.ugc.fr/reservationSeances.html?id=330521259498,1,1,00:00:00,0,0.00%,100.00%,$0.00
/https://www.ugc.fr/reservationSeances.html?id=330620107704,1,1,00:00:42,0,0.00%,0.00%,$0.00
/https://www.youtube.com/channel/UCGcwomqYAC5zGgr3Y76S9sQ,1,1,00:00:00,0,0.00%,100.00%,$0.00
